1,1,01/01/13 09:00,01/01/13 10:00, gary doades
2,4,01/01/13 01:00,01/01/13 01:01, olivia groom-smith
3,1,01/01/13 09:45,01/01/13 10:45, gary doades
4,2,01/01/13 23:00,02/01/13 06:00, richard ward
5,2,02/01/13 04:00,02/01/13 04:15, richard ward
6,1,01/01/13 12:00,01/01/13 12:30, gary doades
7,3,01/01/13 01:00,01/01/13 02:00, natasha lunt
8,1,01/01/13 09:01,01/01/13 09:00, gary doades
9,4,01/01/13 01:00,01/01/13 01:01, olivia groom-smith
10,2,02/01/13 05:00,02/01/13 06:00, richard ward
11,2, 2013-02-30 01:00, 2013-02-30 02:00, richard ward
12,4,01/01/13 18:00,02/01/13 19:00, olivia groom-smith
